name,price,option
투명 와드,0,<maintext><stats></stats><active>사용 시 - 장신구:</active> 아군 모두에게 주변 지역을 밝혀 주는 <keywordstealth>투명</keywordstealth> 와드 하나를 지면에 설치합니다. 투명 와드는 최대 2개까지 보유할 수 있습니다.</maintext>
망원형 개조,0,<maintext><stats></stats><active>사용 시 - 장신구:</active> 누구나 볼 수 있고 쉽게 파괴 가능한 와드를 설치해 주변 지역을 드러냅니다. 최대 4000유닛 거리까지 설치 가능합니다.</maintext>
예언자의 렌즈,0,<maintext><stats></stats><active>사용 시 - 장신구:</active> 근처를 수색해 적 유닛이 숨어 있으면 경고를 보내며 주변의 투명한 덫을 드러냅니다. 또한 적의 투명 와드를 드러내고 잠시 무력화시킵니다.</maintext>
원기회복의 완전한 비스킷,0,
허수아비,0,"<maintext><stats></stats><br/><active>사용 시 - 장신구:</active> 적에게 피들스틱과 똑같아 보이는 허수아비를 설치합니다. 허수아비는 최대 2회까지 충전됩니다.<br/><br/>적 챔피언이 가까이 다가가면 허수아비가 작동되어, 무작위 행동을 취한 후 파괴됩니다.</maintext>"
칼리스타의 칠흑의 창,0,<maintext><stats></stats><active>사용 시 - 소모:</active> 아군에게 이 게임 동안 결속되는 계약을 제의합니다. 계약이 수락되면 해당 아군과 가까이 있을 때 둘 모두가 강화됩니다.</maintext>
가차없는 포격바다뱀 은화 500닢,0,
사기진작바다뱀 은화 500닢,0,<maintext><stats></stats>포탄 세례 범위 안의 아군은 이제 2초간 <speed>이동 속도가 30%</speed> 상승합니다.</maintext>
죽음의 여신바다뱀 은화 500닢,0,<maintext><stats></stats><maintext>포탄 세례가 범위 중앙에 추가로 대형 포탄을 하나 발사하여 <truedamage>300%의 고정 피해</truedamage>를 입히고 1.5초간 60% <status>둔화</status>시킵니다.</maintext></maintext>
미니언 해체분석기,0,<maintext><stats></stats><active>사용 시 - 소모:</active> 대상 공격로 미니언을 처치합니다. (10초 )</maintext>
초시계 키트,0,<maintext><stats></stats><li>14분 후 <raritygeneric>초시계</raritygeneric>로 바뀝니다. 처치 관여 시 이 시간이 2분씩 감소합니다. 이 <raritygeneric>초시계</raritygeneric>는 상위 아이템을 구매할 때 250골드만큼 기여합니다.<br/><br/><rules>초시계의 원가는 750골드입니다.</rules></li></maintext>
굳건한 의지의 완전한 비스킷,50,<maintext><stats></stats><active>사용 시 - 소모:</active> 5초에 걸쳐 <healing>잃은 체력</healing>과 <scalemana>마나</scalemana>의 8%를 회복합니다. 비스킷을 먹거나 팔면 영구히 <scalemana>최대 마나가 40</scalemana> 증가합니다. </maintext>
체력 물약,50,<maintext><stats></stats><active>사용 시 - 소모:</active> 15초에 걸쳐 <healing>120의 체력</healing>을 회복합니다.<br/><br/><rules>최대로 보유할 수 있는 체력 물약 수는 5개입니다.</rules></maintext>
제어 와드,75,<maintext><stats></stats><active>사용 시 - 소모:</active> 주변 지역을 드러내 주는 강력한 제어 와드를 설치합니다. 근처의 <keywordstealth>투명</keywordstealth>한 덫과 <keywordstealth>위장</keywordstealth> 중인 적을 드러내고 적의 투명 와드를 감지해 무력화합니다. <br/><br/><rules>최대 2개의 제어 와드를 소지할 수 있습니다. 제어 와드로 다른 제어 와드를 무력화시킬 수 없습니다.</rules></maintext>
충전형 물약,150,<maintext><stats></stats><active>사용 시 - 소모:</active> 충전량을 1회 소모해 12초 동안 <healing>100의 체력</healing>을 회복합니다. 충전량은 최대 2회이며 상점 방문 시 다시 채워집니다.</maintext>
요정의 부적,250,<maintext><stats>기본 마나 재생 <attention>50%</attention></stats></maintext>
장화,300,<maintext><stats>이동 속도 <attention>25</attention></stats></maintext>
천 갑옷,300,<maintext><stats>방어력 <attention>15</attention></stats></maintext>
단검,300,<maintext><stats>공격 속도 <attention>12%</attention></stats></maintext>
원기 회복의 구슬,300,<maintext><stats>기본 체력 재생 <attention>100%</attention></stats></maintext>
약간 신비한 신발,300,<maintext><stats>이동 속도 <attention>25</attention></stats><br/><li>추가로 <speed>이동 속도가 10</speed> 상승합니다. 약간 신비한 신발로 만든 장화는 이 이동 속도 상승 효과가 유지됩니다.</li></maintext>
롱소드,350,<maintext><stats>공격력 <attention>10</attention></stats></maintext>
사파이어 수정,350,<maintext><stats>마나 <attention>250</attention></stats></maintext>
암흑의 인장,350,"<maintext><stats>주문력 <attention>15</attention><br/>체력 <attention>40</attention></stats><br/><li><passive>영광:</passive> 적 챔피언을 처치할 때마다 중첩 2회, 어시스트를 올릴 때마다 중첩 1회가 쌓입니다. 최대 10회까지 쌓을 수 있으며 사망 시 중첩 5회가 사라집니다.<li><passive>두려움:</passive> <passive>영광</passive> 중첩 하나당 <scaleap>주문력을 4</scaleap> 얻습니다.<br/><br/><rules>획득한 <passive>영광</passive> 중첩은 이 아이템과 <raritylegendary>메자이의 영혼약탈자</raritylegendary>에 모두 적용됩니다.</rules></li></li></maintext>"
도란의 반지,400,<maintext><stats>주문력 <attention>15</attention><br/>체력 <attention>70</attention></stats><br/><li><passive>집중:</passive> 기본 공격 시 미니언에게 추가 피해를 입힙니다. <li><passive>흡수:</passive> 매초 마나를 회복합니다. 적 챔피언에게 피해를 입히면 회복량이 증가합니다. 마나를 회복할 수 없으면 체력을 회복합니다. </li></li></maintext>
주문도둑의 검,400,"<maintext><stats>주문력 <attention>8</attention><br/>체력 <attention>10</attention><br/>기본 마나 재생 <attention>25%</attention><br/>10초당 골드 <attention>2</attention></stats><br/><li><passive>헌납:</passive> 아군 챔피언 근처에 있을 때, 챔피언과 구조물에 피해를 입히는 스킬을 사용하거나 기본 공격 시 20골드를 획득합니다. 36초당 최대 3번까지만 발동합니다.<li><passive>퀘스트:</passive> 이 아이템으로 500골드를 획득하면 <raritygeneric>얼음 송곳니</raritygeneric>로 변하며 <active>사용 시 -</active> <active>와드 설치</active> 효과를 획득합니다.<br/><br/><rules>너무 많은 미니언을 처치하면 미니언 처치 시 획득하는 골드가 감소합니다.</rules></li></li></maintext>"
얼음 송곳니,400,"<maintext><stats>주문력 <attention>15</attention><br/>체력 <attention>70</attention><br/>기본 마나 재생 <attention>50%</attention><br/>10초당 골드 <attention>3</attention></stats><br/><br/><active>사용 시 -</active> <active>와드:</active> 아군 모두에게 주변 지역을 밝혀 주는 <keywordstealth>투명</keywordstealth> 와드 하나를 지면에 설치합니다. 투명 와드는 최대 0개까지 보유할 수 있으며 상점 방문 시 다시 채워집니다. <br/><br/><active>사용 시 -</active> <active>와드:</active> 아군 모두에게 주변 지역을 밝혀 주는 <keywordstealth>투명</keywordstealth> 와드 하나를 지면에 설치합니다. 투명 와드는 최대 3개까지 보유할 수 있으며 상점 방문 시 다시 채워집니다. <br/><br/><br/><br/><li><passive>헌납:</passive> 아군 챔피언 근처에 있을 때, 챔피언과 구조물에 피해를 입히는 스킬을 사용하거나 기본 공격 시 20골드를 획득합니다. 30초당 최대 3번까지만 발동합니다.<li><passive>퀘스트:</passive> 이 아이템으로 1000골드를 획득하면 <raritylegendary>얼음 정수의 파편</raritylegendary>으로 변합니다.</li></li></maintext>"
얼음 정수의 파편,400,<maintext><stats>주문력 <attention>40</attention><br/>체력 <attention>75</attention><br/>기본 마나 재생 <attention>100%</attention><br/>10초당 골드 <attention>3</attention></stats><br/><br/><active>사용 시 -</active> <active>와드:</active> 아군 모두에게 주변 지역을 밝혀 주는 <keywordstealth>투명</keywordstealth> 와드 하나를 지면에 설치합니다. 투명 와드는 최대 0개까지 보유할 수 있으며 상점 방문 시 다시 채워집니다. <br/><br/><active>사용 시 -</active> <active>와드:</active> 아군 모두에게 주변 지역을 밝혀 주는 <keywordstealth>투명</keywordstealth> 와드 하나를 지면에 설치합니다. 투명 와드는 최대 4개까지 보유할 수 있으며 상점 방문 시 다시 채워집니다. </maintext>
강철 어깨 보호대,400,<maintext><stats>공격력 <attention>3</attention><br/>체력 <attention>30</attention><br/>기본 체력 재생 <attention>50%</attention><br/>10초당 골드 <attention>2</attention></stats><li><passive>전리품:</passive> 아군 챔피언 근처에 있으면 기본 공격 시 최대 체력이 근접 챔피언의 경우 50% (원거리 챔피언의 경우 30%) 이하인 미니언을 즉시 처형하고 가장 가까운 아군 챔피언과 함께 같은 양의 골드를 획득합니다. 이 효과는 35초마다 재충전됩니다. (최대 충전량 3회)<li><passive>퀘스트:</passive> 이 아이템으로 500골드를 획득하면 <raritygeneric>룬 강철 어깨 갑옷</raritygeneric>으로 변하며 <active>사용 시 -</active> <active>와드 설치</active> 효과를 획득합니다.<br/><br/><rules>너무 많은 미니언을 처치하면 미니언 처치 시 획득하는 골드가 감소합니다.</rules></li></li></maintext>
룬 강철 어깨 갑옷,400,<maintext><stats>공격력 <attention>6</attention><br/>체력 <attention>100</attention><br/>기본 체력 재생 <attention>75%</attention><br/>10초당 골드 <attention>3</attention></stats><br/><br/><active>사용 시 -</active> <active>와드:</active> 아군 모두에게 주변 지역을 밝혀 주는 <keywordstealth>투명</keywordstealth> 와드 하나를 지면에 설치합니다. 투명 와드는 최대 0개까지 보유할 수 있으며 상점 방문 시 다시 채워집니다. <br/><br/><active>사용 시 -</active> <active>와드:</active> 아군 모두에게 주변 지역을 밝혀 주는 <keywordstealth>투명</keywordstealth> 와드 하나를 지면에 설치합니다. 투명 와드는 최대 3개까지 보유할 수 있으며 상점 방문 시 다시 채워집니다. <br/><li><passive>전리품:</passive> 아군 챔피언 근처에 있으면 기본 공격 시 최대 체력이 50% 이하인 미니언을 즉시 처형하고 가장 가까운 아군 챔피언과 함께 같은 양의 골드를 획득합니다. 이 효과는 35초마다 재충전됩니다. (최대 충전량 3회)<li><passive>퀘스트:</passive> 이 아이템으로 1000골드를 획득하면 <raritylegendary>타곤 산의 방벽</raritylegendary>으로 변합니다. </li></li></maintext>
화이트록의 갑옷,400,<maintext><stats>공격력 <attention>15</attention><br/>체력 <attention>250</attention><br/>기본 체력 재생 <attention>100%</attention><br/>10초당 골드 <attention>3</attention></stats><br/><br/><active>사용 시 -</active> <active>와드:</active> 아군 모두에게 주변 지역을 밝혀 주는 <keywordstealth>투명</keywordstealth> 와드 하나를 지면에 설치합니다. 투명 와드는 최대 0개까지 보유할 수 있으며 상점 방문 시 다시 채워집니다. <br/><br/><active>사용 시 -</active> <active>와드:</active> 아군 모두에게 주변 지역을 밝혀 주는 <keywordstealth>투명</keywordstealth> 와드 하나를 지면에 설치합니다. 투명 와드는 최대 4개까지 보유할 수 있으며 상점 방문 시 다시 채워집니다. </maintext>
고대유물 방패,400,<maintext><stats>주문력 <attention>5</attention><br/>체력 <attention>30</attention><br/>기본 체력 재생 <attention>50%</attention><br/>10초당 골드 <attention>2</attention></stats><li><passive>전리품:</passive> 아군 챔피언 근처에 있으면 기본 공격 시 최대 체력이 근접 챔피언의 경우 50% (원거리 챔피언의 경우 30%) 이하인 미니언을 즉시 처형하고 가장 가까운 아군 챔피언과 함께 같은 양의 골드를 획득합니다. 이 효과는 35초마다 재충전됩니다. (최대 충전량 3회)<li><passive>퀘스트:</passive> 이 아이템으로 500골드를 획득하면 <raritygeneric>타곤 산의 방패</raritygeneric>로 변하며 <active>사용 시 -</active> <active>와드 설치</active> 효과를 획득합니다.<br/><br/><rules>너무 많은 미니언을 처치하면 미니언 처치 시 획득하는 골드가 감소합니다.</rules></li></li></maintext>
타곤 산의 방패,400,<maintext><stats>주문력 <attention>10</attention><br/>체력 <attention>100</attention><br/>기본 체력 재생 <attention>75%</attention><br/>10초당 골드 <attention>3</attention></stats><br/><br/><active>사용 시 -</active> <active>와드:</active> 아군 모두에게 주변 지역을 밝혀 주는 <keywordstealth>투명</keywordstealth> 와드 하나를 지면에 설치합니다. 투명 와드는 최대 0개까지 보유할 수 있으며 상점 방문 시 다시 채워집니다. <br/><br/><active>사용 시 -</active> <active>와드:</active> 아군 모두에게 주변 지역을 밝혀 주는 <keywordstealth>투명</keywordstealth> 와드 하나를 지면에 설치합니다. 투명 와드는 최대 3개까지 보유할 수 있으며 상점 방문 시 다시 채워집니다. <br/><li><passive>전리품:</passive> 아군 챔피언 근처에 있으면 기본 공격 시 최대 체력이 50% 이하인 미니언을 즉시 처형하고 가장 가까운 아군 챔피언과 함께 같은 양의 골드를 획득합니다. 이 효과는 35초마다 재충전됩니다. (최대 충전량 3회)<li><passive>퀘스트:</passive> 이 아이템으로 1000골드를 획득하면 <raritylegendary>타곤 산의 방벽</raritylegendary>으로 변합니다. </li></li></maintext>
타곤 산의 방벽,400,<maintext><stats>주문력 <attention>20</attention><br/>체력 <attention>250</attention><br/>기본 체력 재생 <attention>100%</attention><br/>10초당 골드 <attention>3</attention></stats><br/><br/><active>사용 시 -</active> <active>와드:</active> 아군 모두에게 주변 지역을 밝혀 주는 <keywordstealth>투명</keywordstealth> 와드 하나를 지면에 설치합니다. 투명 와드는 최대 0개까지 보유할 수 있으며 상점 방문 시 다시 채워집니다. <br/><br/><active>사용 시 -</active> <active>와드:</active> 아군 모두에게 주변 지역을 밝혀 주는 <keywordstealth>투명</keywordstealth> 와드 하나를 지면에 설치합니다. 투명 와드는 최대 4개까지 보유할 수 있으며 상점 방문 시 다시 채워집니다. </maintext>
영혼의 낫,400,"<maintext><stats>공격력 <attention>5</attention><br/>체력 <attention>10</attention><br/>기본 마나 재생 <attention>25%</attention><br/>10초당 골드 <attention>2</attention></stats><br/><li><passive>헌납:</passive> 아군 챔피언 근처에 있을 때, 챔피언과 구조물에 피해를 입히는 스킬을 사용하거나 기본 공격 시 20골드를 획득합니다. 30초당 최대 3번까지만 발동합니다.<li><passive>퀘스트:</passive> 이 아이템으로 500골드를 획득하면 <raritygeneric>해로윙 초승달낫</raritygeneric>으로 변하며 <active>사용 시 -</active> <active>와드 설치</active> 효과를 획득합니다.<br/><br/><rules>너무 많은 미니언을 처치하면 미니언 처치 시 획득하는 골드가 감소합니다.</rules></li></li></maintext>"
해로윙 초승달낫,400,"<maintext><stats>공격력 <attention>10</attention><br/>체력 <attention>60</attention><br/>기본 마나 재생 <attention>50%</attention><br/>10초당 골드 <attention>3</attention></stats><br/><br/><active>사용 시 -</active> <active>와드:</active> 아군 모두에게 주변 지역을 밝혀 주는 <keywordstealth>투명</keywordstealth> 와드 하나를 지면에 설치합니다. 투명 와드는 최대 0개까지 보유할 수 있으며 상점 방문 시 다시 채워집니다. <br/><li><passive>헌납:</passive> 아군 챔피언 근처에 있을 때, 챔피언과 구조물에 피해를 입히는 스킬을 사용하거나 기본 공격 시 20골드를 획득합니다. 36초당 최대 3번까지만 발동합니다.<li><passive>퀘스트:</passive> 이 아이템으로 1000골드를 획득하면 <raritylegendary>검은 안개 낫</raritylegendary>으로 변합니다.<br/><br/><rules>너무 많은 미니언을 처치하면 미니언 처치 시 획득하는 골드가 감소합니다.</rules></li></li></maintext>"
검은 안개 낫,400,<maintext><stats>공격력 <attention>20</attention><br/>체력 <attention>75</attention><br/>기본 마나 재생 <attention>100%</attention><br/>10초당 골드 <attention>3</attention></stats><br/><br/><active>사용 시 -</active> <active>와드:</active> 아군 모두에게 주변 지역을 밝혀 주는 <keywordstealth>투명</keywordstealth> 와드 하나를 지면에 설치합니다. 투명 와드는 최대 0개까지 보유할 수 있으며 상점 방문 시 다시 채워집니다. <br/><br/><active>사용 시 -</active> <active>와드:</active> 아군 모두에게 주변 지역을 밝혀 주는 <keywordstealth>투명</keywordstealth> 와드 하나를 지면에 설치합니다. 투명 와드는 최대 4개까지 보유할 수 있으며 상점 방문 시 다시 채워집니다. </maintext>
루비 수정,400,<maintext><stats>체력 <attention>150</attention></stats></maintext>
여신의 눈물,400,<maintext><stats>마나 <attention>240</attention></stats><br/><li><passive>집중:</passive> 기본 공격 시 미니언에게 추가 물리 피해를 입힙니다.<li><passive>마나 충전:</passive> 대상에게 스킬을 적중시키면 중첩을 하나 소모해 <scalemana>3의 추가 마나</scalemana>를 얻습니다. 챔피언 대상으로는 두 배로 적용됩니다. 추가 마나는 최대 360까지 얻을 수 있습니다.<br/><br/><rules>8초마다 새로운 <passive>마나 충전</passive> 중첩을 얻습니다. (최대 4)</rules></li></li></maintext>
증폭의 고서,435,<maintext><stats>주문력 <attention>20</attention></stats></maintext>
도란의 검,450,<maintext><stats>공격력 <attention>8</attention><br/>체력 <attention>80</attention></stats><br/><li><passive>전쟁광:</passive> 모든 피해 흡혈 효과를 얻습니다.<br/><br/><rules>광역 피해를 입히거나 소환물을 통해 피해를 입힐 때는 모든 피해 흡혈이 33%로 감소합니다.</rules></li></maintext>
도란의 방패,450,"<maintext><stats>체력 <attention>80</attention></stats><br/><li><passive>집중:</passive> 기본 공격 시 미니언에게 추가 피해를 입힙니다.<li><passive>회복:</passive> 일정 시간 동안 체력이 회복됩니다.<li><passive>견디기:</passive> 챔피언, 대형 정글 몬스터, 에픽 정글 몬스터에게 피해를 입으면 체력을 회복합니다. 회복량은 체력이 낮을수록 증가합니다.<br/><br/><rules><passive>견디기</passive> 원거리 챔피언이 보유하거나 광역 또는 지속 피해를 입었을 때 기본 회복량의 66%만큼 회복합니다.</rules></li></li></li></maintext>"
마법무효화의 망토,450,<maintext><stats>마법 저항력 <attention>25</attention></stats></maintext>
수확의 낫,450,<maintext><stats>공격력 <attention>7</attention></stats><br/><li>기본 공격을 적중할 때마다 체력을 회복합니다.<li><passive>수확:</passive> 공격로 미니언 처치 시 추가로 <goldgain>1</goldgain>골드를 얻습니다. 공격로 미니언을 총 100회 처치하면 즉시 <goldgain>350</goldgain>의 추가 골드를 얻고 <passive>수확</passive>효과가 비활성화됩니다.<br/></li></li></maintext>
새끼 화염발톱,450,"<maintext><stats></stats><li><passive>정글 동료:</passive> 정글에서 챔피언을 도와주는 <font color=""#DD2E2E"">화염발톱</font>을 소환합니다.<li><passive>화염발톱의 화력:</passive> 완전히 성장하면 주기적으로 챔피언의 다음 공격을 강화해 적 챔피언에게 추가 <passive>피해</passive>를 입히고 <status>둔화</status>시킵니다.</li></li></maintext>"
새끼 바람돌이,450,"<maintext><stats></stats><li><passive>정글 동료:</passive> 정글에서 챔피언을 도와주는 <font color=""#38A8E8"">바람돌이</font>를 소환합니다.<li><passive>바람돌이의 발걸음:</passive> 완전히 성장하면 챔피언이 수풀에 들어가거나 몬스터를 처치할 때 <speed>이동 속도</speed>를 높여줍니다.</li></li></maintext>"
새끼 이끼쿵쿵이,450,"<maintext><stats></stats><li><passive>정글 동료:</passive> 정글에서 챔피언을 도와주는 <font color=""#1CA935"">이끼쿵쿵이</font>를 소환합니다. <li><passive>이끼쿵쿵이의 용기:</passive> 완전히 성장하면 챔피언에게 <shield>영구적인 보호막</shield>을 씌워줍니다. 이 보호막은 몬스터를 처치하거나 전투에서 벗어나 있으면 재생됩니다. 이 보호막이 유지되는 동안 강인함 및 둔화 저항을 20% 얻습니다.</li></li></maintext>"
강철의 영약,500,"<maintext><stats></stats><active>사용 시 - 소모:</active> 3분 동안 <scalehealth>체력이 300</scalehealth>, 강인함이 25% 증가하고, 챔피언이 거대해집니다. 이 효과가 활성화된 동안 이동하면 길이 생겨 그 위의 아군 챔피언들은 <speed>이동 속도가 15%</speed> 상승합니다.<br/><br/><rules>다른 종류의 영약을 마시면 기존 영약의 효과가 사라집니다.</rules></maintext>"
마법의 영약,500,"<maintext><stats></stats><active>사용 시 - 소모:</active> 3분 동안 <scaleap>주문력이 50</scaleap>, <scalemana>마나 재생력이 15%</scalemana> 증가합니다. 활성화된 동안 챔피언이나 포탑에 피해를 입히면 <truedamage>25의 추가 고정 피해</truedamage>를 입힙니다. (재사용 대기시간 5초)<br/><br/><rules><attention>9</attention>레벨 이상일 때만 구매할 수 있습니다. 마법의 영약 고정 피해 효과는 포탑을 공격할 때 재사용 대기시간이 없습니다. 다른 종류의 영약을 마시면 기존 영약의 효과가 사라집니다.</rules></maintext>"
분노의 영약,500,"<maintext><stats></stats><active>사용 시 - 소모:</active> 3분 동안 <scalead>공격력이 30</scalead>, 챔피언 대상 <lifesteal>물리 피해 흡혈이 12%</lifesteal> 증가합니다.<br/><br/><rules>다른 종류의 영약을 마시면 기존 영약의 효과가 사라집니다.</rules></maintext>"
부패 물약,500,<maintext><stats></stats><active>사용 시 - 소모:</active> 충전량을 1회 소모해 12초 동안 <healing>100의 체력</healing>과 <scalemana>75의 마나</scalemana>를 회복합니다. 회복되는 동안 적 챔피언에게 기본 공격 및 스킬 사용 시 적을 불태워 3초 동안 <magicdamage>15(마나를 회복할 수 없을 때에는 20)의 마법 피해</magicdamage>를 입힙니다. 충전량은 최대 3회이며 상점 방문 시 다시 채워집니다.<br/><br/><rules>광역 또는 지속 피해로 발동된 부패 피해는 피해량이 50%로 감소됩니다.</rules></maintext>
민첩성의 망토,600,<maintext><stats>치명타 확률 <attention>15%</attention></stats></maintext>
광휘의 검,700,<maintext><stats></stats><li><passive>주문 검:</passive> 스킬을 사용하고 나면 다음 기본 공격 시 추가 피해를 입힙니다.</li></maintext>
키르히아이스의 파편,700,<maintext><stats>공격 속도 <attention>15%</attention></stats><br/><li><passive>충전 상태:</passive> 이동하거나 공격하면 충전 상태로 공격할 수 있습니다.<li><passive>충격:</passive> 충전 상태로 공격 시 추가 마법 피해를 입힙니다.</li></li></maintext>
초시계,750,"<maintext><stats></stats><active>사용 시 -</active> <active>경직:</active> 1회에 한해 2.5초 동안 <status>무적</status> 및 <status>대상으로 지정할 수 없는 상태</status>가 되지만, 그동안 아무런 행동도 할 수 없습니다. 이후 <raritygeneric>망가진 초시계</raritygeneric>로 변합니다.</maintext>"
망가진 초시계,750,"<maintext><stats></stats><br/><li><passive>조각난 시간:</passive> 초시계가 망가졌지만, 업그레이드는 가능합니다.<br/><br/><rules>초시계를 하나 망가뜨린 후에는 상점에서 <raritygeneric>망가진 초시계</raritygeneric>만 살 수 있습니다.</rules></li></maintext>"
망각의 구,800,<maintext><stats>주문력 <attention>30</attention></stats><br/><li><passive>저주:</passive> 챔피언에게 마법 피해를 입히면 3초 동안 <status>40%의 고통스러운 상처</status>를 남깁니다.<br/><br/><rules><status>고통스러운 상처</status>는 치유 및 회복 효과를 감소시킵니다.</rules></li></maintext>
쇠사슬 조끼,800,<maintext><stats>방어력 <attention>40</attention></stats></maintext>
처형인의 대검,800,<maintext><stats>공격력 <attention>15</attention></stats><br/><li><passive>뽑아 찢기:</passive> 챔피언에게 물리 피해를 입히면 3초 동안 <status>40%의 고통스러운 상처</status>를 남깁니다. <br/><br/><rules><status>고통스러운 상처</status>는 치유 및 회복 효과를 감소시킵니다.</rules></li></maintext>
점화석,800,<maintext><stats>체력 <attention>200</attention><br/>스킬 가속 <attention>10</attention></stats></maintext>
금지된 우상,800,<maintext><stats>기본 마나 재생 <attention>50%</attention><br/>체력 회복 및 보호막 <attention>8%</attention></stats></maintext>
비상의 월갑,800,<maintext><stats>체력 <attention>150</attention></stats><br/><li><passive>비행:</passive> <speed>이동 속도가 5%</speed> 상승합니다.</li></maintext>
분노의 칼,800,<maintext><stats>공격 속도 <attention>25%</attention></stats><br/><li><passive>분노:</passive> 치명타 확률이 <onhit>적중 시</onhit> 피해량으로 전환됩니다. 치명타 확률 20%당 <physicaldamage>35</physicaldamage>의 피해(<onhit>적중 시</onhit> )를 입힙니다.</li></maintext>
수정 팔 보호구,800,<maintext><stats>체력 <attention>200</attention><br/>기본 체력 재생 <attention>100%</attention></stats></maintext>
덤불 조끼,800,"<maintext><stats>방어력 <attention>30</attention></stats><br/><li><passive>가시:</passive> 기본 공격에 맞으면 공격한 적에게 피해를 입히고, 대상이 챔피언일 경우 40%의 고통스러운 상처를 남깁니다.<br/><br/><rules><status>고통스러운 상처</status>는 치유 및 회복 효과를 감소시킵니다.</rules></li></maintext>"
방출의 마법봉,850,<maintext><stats>주문력 <attention>40</attention></stats></maintext>
에테르 환영,850,<maintext><stats>주문력 <attention>30</attention></stats><br/><li><passive>활공:</passive> <speed>이동 속도가 5%</speed> 상승합니다.</li></maintext>
곡괭이,875,<maintext><stats>공격력 <attention>25</attention></stats></maintext>
신속의 장화,900,<maintext><stats>이동 속도 <attention>60</attention></stats><br/><li>이동 속도 둔화 효과가 25% 줄어듭니다.</li></maintext>
악마의 마법서,900,<maintext><stats>주문력 <attention>35</attention><br/>스킬 가속 <attention>10</attention></stats></maintext>
거인의 허리띠,900,<maintext><stats>체력 <attention>350</attention></stats></maintext>
얼음 방패,900,<maintext><stats>방어력 <attention>20</attention><br/>마나 <attention>250</attention><br/>스킬 가속 <attention>10</attention></stats></maintext>
음전자 망토,900,<maintext><stats>마법 저항력 <attention>50</attention></stats></maintext>
흡혈의 낫,900,<maintext><stats>공격력 <attention>15</attention><br/>생명력 흡수 <attention>7%</attention></stats></maintext>
명석함의 아이오니아 장화,950,<maintext><stats>스킬 가속 <attention>20</attention><br/>이동 속도 <attention>45</attention></stats><br/><li>소환사 주문 가속이 12 증가합니다.<br/><br/><flavortext>''CLE 20년 12월 10일 남부 지방의 패권을 두고 벌어진 녹서스와의 재경합에서 아이오니아의 승리를 기념하는 헌정 아이템입니다.''</flavortext></li></maintext>
밴들유리 거울,950,<maintext><stats>주문력 <attention>20</attention><br/>스킬 가속 <attention>10</attention><br/>기본 마나 재생 <attention>50%</attention></stats></maintext>
기동력의 장화,1000,<maintext><stats></stats>이동 속도 <attention>25</attention> <li>5초 동안 전투에서 벗어나 있으면 이동 속도가 <attention>115</attention> 상승합니다.</li></maintext>
온기가 필요한 자의 도끼,1000,<maintext><stats>공격력 <attention>15</attention><br/>공격 속도 <attention>15%</attention></stats><br/><li><passive>민첩:</passive> 유닛을 공격하면 이동 속도가 상승합니다.</li></maintext>
신록의 장벽,1000,<maintext><stats>주문력 <attention>20</attention><br/>마법 저항력 <attention>25</attention></stats><br/><li><passive>적응:</passive> 유닛을 처치하면 <scalemr>마법 저항력이 0.3</scalemr> (최대 <scalemr>9</scalemr>) 증가합니다. <br/><br/></li></maintext>
곡궁,1000,<maintext><stats>공격 속도 <attention>25%</attention></stats><br/><li><passive>강철 촉:</passive> 기본 공격 적중 시 물리 피해를 입힙니다.</li></maintext>
바미의 불씨,1000,<maintext><stats>체력 <attention>300</attention></stats><br/><li><passive>불사르기:</passive> 피해를 받거나 입히면 주변 적들에게 매초 마법 피해를 입힙니다. (미니언 및 정글 몬스터 대상 증가)</li></maintext>
파수꾼의 갑옷,1000,<maintext><stats>방어력 <attention>40</attention></stats><br/><li><passive>견고:</passive> 기본 공격으로 받는 피해량이 감소합니다.</li></maintext>
추적자의 팔목 보호대,1000,<maintext><stats>주문력 <attention>30</attention><br/>방어력 <attention>15</attention></stats><br/><li><passive>마법사의 길:</passive> 유닛을 처치하면 <scalearmor>방어력이 0.5</scalearmor> (최대 <scalearmor>15</scalearmor>) 증가합니다.</li></maintext>
마법공학 교류 발전기,1050,<maintext><stats>주문력 <attention>25</attention><br/>체력 <attention>150</attention></stats><br/><li><passive>자극:</passive> 챔피언에게 피해를 입히면 추가 피해를 입힙니다.</li></maintext>
열정의 검,1050,<maintext><stats>공격 속도 <attention>18%</attention><br/>치명타 확률 <attention>15%</attention></stats><br/><li><passive>열광:</passive> <speed>이동 속도가 7%</speed> 상승합니다.</li></maintext>
광전사의 군화,1100,<maintext><stats>공격 속도 <attention>35%</attention><br/>이동 속도 <attention>45</attention></stats></maintext>
헤르메스의 발걸음,1100,"<maintext><stats>마법 저항력 <attention>25</attention><br/>이동 속도 <attention>45</attention><br/>강인함 <attention>30%</attention></stats><br/><br/><rules>강인함이 증가해 <status>기절</status>, <status>둔화</status>, <status>도발</status>, <status>공포</status>, <status>침묵</status>, <status>실명</status>, <status>변이</status> 및 <status>이동 불가</status> 효과의 지속시간이 감소합니다. <status>공중에 뜨거나</status> <status>제압</status> 당했을 때는 효과가 없습니다.</rules></maintext>"
판금 장화,1100,<maintext><stats>방어력 <attention>20</attention><br/>이동 속도 <attention>45</attention></stats><br/><li>기본 공격으로 받는 피해량이 12% 감소합니다.</li></maintext>
탐식의 망치,1100,<maintext><stats>공격력 <attention>15</attention><br/>체력 <attention>200</attention></stats><br/><li><passive>완강:</passive> 챔피언에게 물리 피해를 입히면 일정 시간 동안 체력을 회복합니다.<br/><br/><rules>원거리 챔피언의 경우 회복량이 감소합니다.</rules></li></maintext>
감시하는 와드석,1100,<maintext><stats>체력 <attention>150</attention><br/>스킬 가속 <attention>10</attention></stats><br/><li><passive>신비로운 상자:</passive> 이 아이템은 구매한 제어 와드를 3개까지 저장할 수 있습니다.<br/><br/><keywordmajor>지원 퀘스트</keywordmajor>를 완수하고 13레벨에 도달하면 <raritylegendary>경계의 와드석</raritylegendary>으로 변합니다.<br/></li></maintext>
경계의 와드석,1100,"<maintext><stats>체력 <attention>150</attention><br/>스킬 가속 <attention>15</attention></stats><br/><li><passive>신비로운 상자:</passive> 이 아이템은 구매한 제어 와드를 3개까지 저장할 수 있습니다.<li><passive>주시:</passive> 투명 와드 및 제어 와드 설치 개수가 1 증가합니다.<li><passive>이쉬탈의 축복:</passive> 추가 체력, 추가 공격력, 스킬 가속, 주문력이 12% 증가합니다.<br/><br/><rules><raritylegendary>감시하는 시야석</raritylegendary>에서 업그레이드됩니다.</rules></li></li></li></maintext>"
강철가시 채찍,1100,<maintext><stats>공격력 <attention>30</attention></stats><br/><br/><active>사용 시 -</active> <active>초승달:</active> 주변 적에게 피해를 입힙니다.</maintext>
마법사의 신발,1100,<maintext><stats>마법 관통력 <attention>18</attention><br/>이동 속도 <attention>45</attention></stats></maintext>
톱날 단검,1100,<maintext><stats>공격력 <attention>30</attention></stats><br/><li><passive>도려내기:</passive> <scalelethality>물리 관통력이 10</scalelethality> 증가합니다.</li></maintext>
콜필드의 전투 망치,1100,<maintext><stats>공격력 <attention>25</attention><br/>스킬 가속 <attention>10</attention></stats></maintext>
억겁의 카탈리스트,1100,<maintext><stats>체력 <attention>225</attention><br/>마나 <attention>300</attention></stats><br/><li><passive>영원:</passive> 챔피언에게 받은 감소 전 피해량의 7%에 해당하는 마나를 회복하고 사용한 마나의 25%에 해당하는 체력을 회복합니다. 스킬 사용 1회당 초당 최대 20의 체력을 회복합니다.</li></maintext>
군단의 방패,1200,<maintext><stats>방어력 <attention>30</attention><br/>마법 저항력 <attention>30</attention><br/>스킬 가속 <attention>10</attention></stats></maintext>
티아맷,1200,<maintext><stats>공격력 <attention>25</attention></stats><br/><li><passive>쪼개기:</passive> 기본 공격 시 주변 적들에게 물리 피해를 입힙니다. <br/><br/>구조물에는 쪼개기가 발동되지 않습니다.<br/><br/>아이템 성능은 근접 챔피언과 원거리 챔피언에게 각각 다르게 적용됩니다.<br/></li></maintext>
망령의 두건,1250,<maintext><stats>체력 <attention>250</attention><br/>마법 저항력 <attention>25</attention></stats><br/><li><passive>무형:</passive> 챔피언에게 피해를 입으면 체력을 회복합니다.</li></maintext>
쓸데없이 큰 지팡이,1250,<maintext><stats>주문력 <attention>60</attention></stats></maintext>
역병의 보석,1250,<maintext><stats>주문력 <attention>25</attention><br/>마법 관통력 <attention>13%</attention></stats></maintext>
B.F. 대검,1300,<maintext><stats>공격력 <attention>40</attention></stats></maintext>
주문포식자,1300,<maintext><stats>공격력 <attention>25</attention><br/>마법 저항력 <attention>35</attention></stats><br/><li><passive>생명선:</passive> 마법 피해를 받아 체력이 30% 이하가 될 경우 마법 피해를 흡수하는 보호막을 얻습니다.</li></maintext>
수은 장식띠,1300,<maintext><stats>마법 저항력 <attention>30</attention></stats><br/><br/><active>사용 시 -</active> <active>수은:</active> 모든 군중 제어 효과(<status>공중에 뜸</status> 제외)가 제거됩니다.<br/></maintext>
흡수의 시선,1300,<maintext><stats>주문력 <attention>20</attention><br/>체력 <attention>250</attention><br/>모든 피해 흡혈 <attention>5%</attention></stats></maintext>
절정의 화살,1300,<maintext><stats>공격력 <attention>30</attention><br/>공격 속도 <attention>15%</attention></stats><br/><li><passive>정밀:</passive> 기본 공격 시 미니언과 몬스터에게 추가 피해를 입힙니다.</li></maintext>
사라진 양피지,1300,<maintext><stats>주문력 <attention>40</attention><br/>마나 <attention>300</attention><br/>스킬 가속 <attention>10</attention></stats><br/><li><passive>깨우치기:</passive> 레벨 업하면 3초 동안 <scalemana>최대 마나의 20%</scalemana>를 회복합니다.</li></maintext>
최후의 속삭임,1450,<maintext><stats>공격력 <attention>20</attention><br/>방어구 관통력 <attention>18%</attention></stats></maintext>
메자이의 영혼약탈자,1600,"<maintext><stats>주문력 <attention>20</attention><br/>체력 <attention>100</attention></stats><br/><li><passive>영광:</passive> 적 챔피언을 처치할 때마다 중첩 4회, 어시스트를 올릴 때마다 중첩 2회가 쌓입니다. 최대 25회까지 쌓을 수 있으며 사망 시 중첩 10회가 사라집니다.<li><passive>두려움:</passive> <passive>영광</passive> 중첩 하나당 <scaleap>주문력을 5</scaleap> 얻습니다. 10중첩 이상일 때 <speed>이동 속도가 10%</speed> 상승합니다.<br/><br/><rules>획득한 <passive>영광</passive> 중첩은 이 아이템과 <raritygeneric>암흑의 인장</raritygeneric>에 모두 적용됩니다.</rules></li></li></maintext>"
불타는 향로,2300,<maintext><stats>주문력 <attention>60</attention><br/>체력 회복 및 보호막 <attention>8%</attention><br/>기본 마나 재생 <attention>100%</attention></stats><br/><li><passive>축성:</passive> 다른 아군을 치유하거나 보호막을 씌워주면 자신과 대상 아군의 공격 속도와 마법 피해(<onhit>적중 시</onhit> )가 상승합니다. <br/></li></maintext>
그림자 검,2300,"<maintext><stats>공격력 <attention>50</attention><br/>물리 관통력 <attention>10</attention><br/>스킬 가속 <attention>15</attention></stats><br/><li><passive>암전:</passive> 적 와드에 발각되면 암전을 일으켜 근처의 투명한 덫과 와드를 드러내고, 추가로 와드를 무력화시킵니다. 와드를 기본 공격하면 피해가 증가합니다.</li></maintext>"
화학공학 부패기,2300,<maintext><stats>주문력 <attention>40</attention><br/>체력 회복 및 보호막 <attention>8%</attention><br/>기본 마나 재생 <attention>100%</attention><br/>스킬 가속 <attention>15</attention></stats><br/><li><passive>버섯 독소:</passive> 챔피언에게 피해를 입히면 3초 동안 <status>40%의 고통스러운 상처</status>를 남깁니다.<br/><br/><rules><status>고통스러운 상처</status>는 치유 및 회복 효과를 감소시킵니다.</rules></li></maintext>
흐르는 물의 지팡이,2300,<maintext><stats>주문력 <attention>50</attention><br/>체력 회복 및 보호막 <attention>8%</attention><br/>기본 마나 재생 <attention>100%</attention></stats><br/><li><passive>급류:</passive> 다른 아군의 체력을 회복시키거나 보호막을 씌우면 주문력과 스킬 가속이 증가합니다.<br/></li></maintext>
구원,2300,<maintext><stats>체력 회복 및 보호막 <attention>16%</attention><br/>체력 <attention>200</attention><br/>스킬 가속 <attention>15</attention><br/>기본 마나 재생 <attention>100%</attention></stats><br/><br/><active>사용 시 -</active> <active>중재:</active> 거리 안의 위치를 지정합니다. 2.5초 후 빛을 한 줄기 불러와 아군의 체력을 회복시키고 적 챔피언에게 피해를 입힙니다.<br/><br/><rules>죽은 상태로도 사용할 수 있습니다. 대상이 최근 다른 챔피언의 <active>중재</active> 효과를 받은 경우 효과가 50% 감소합니다. 레벨 비례 효과는 아군의 레벨에 따라 상승합니다.</rules></maintext>
기사의 맹세,2300,<maintext><stats>체력 <attention>400</attention><br/>스킬 가속 <attention>20</attention><br/>기본 체력 재생 <attention>200%</attention></stats><br/><br/><active>사용 시 -</active> <active>맹세:</active> <attention>보호</attention>할 아군을 대상으로 지정합니다.<br/><li><passive>희생:</passive> <attention>보호</attention> 중인 아군이 근처에 있으면 아군이 입는 피해량을 대신 입고 <attention>보호</attention> 중인 아군이 챔피언에게 가하는 피해량에 비례해 체력을 회복합니다.<br/></li></maintext>
미카엘의 축복,2300,<maintext><stats>체력 회복 및 보호막 <attention>16%</attention><br/>마법 저항력 <attention>50</attention><br/>스킬 가속 <attention>15</attention><br/>기본 마나 재생 <attention>100%</attention></stats><br/><br/><active>사용 시 -</active> <active>정화:</active> 체력을 회복하고 아군 챔피언에게 걸린 모든 군중 제어 효과(<status>공중에 뜸</status> 및 <status>제압</status> 제외)를 제거합니다.</maintext>
지크의 융합,2400,<maintext><stats>체력 <attention>250</attention><br/>방어력 <attention>35</attention><br/>마나 <attention>250</attention><br/>스킬 가속 <attention>20</attention></stats><br/><br/><active>사용 시 -</active> <active>전도체:</active> 한 명을 <attention>동료</attention>로 지정합니다.<br/><li><passive>융합:</passive> 적을 <status>이동 불가</status> 상태로 만들면 <attention>동료</attention>의 기본 공격과 스킬이 해당 적에게 추가 피해를 입힙니다.<br/><br/><rules>지크의 융합 결속은 한 번에 하나만 가능합니다.</rules></li></maintext>
저녁갑주,2500,<maintext><stats>체력 <attention>200</attention><br/>스킬 가속 <attention>20</attention><br/>방어력 <attention>30</attention><br/>마법 저항력 <attention>30</attention></stats><br/><li><passive>광휘:</passive> 챔피언을 <status>이동 불가</status> 상태로 만들거나 자신이 <status>이동 불가</status> 상태가 되면 대상과 주변 적 챔피언들이 받는 피해가 증가합니다.<br/><br/><raritymythic>신화급 기본 지속 효과:</raritymythic> 다른 모든 <raritylegendary>전설급</raritylegendary> 아이템에 <attention> 방어력 및 마법 저항력</attention></li></maintext>
슈렐리아의 군가,2500,<maintext><stats>주문력 <attention>40</attention><br/>체력 <attention>200</attention><br/>스킬 가속 <attention>20</attention><br/>기본 마나 재생 <attention>100%</attention></stats><br/><br/><active>사용 시 -</active> <active>고무:</active> 주변 아군들의 이동 속도가 상승합니다.<li><passive>동기 부여:</passive> 다른 아군 챔피언을 강화하거나 보호하면 둘 다 이동 속도가 증가합니다.<br/><br/><raritymythic>신화급 기본 지속 효과:</raritymythic> 다른 모든 <raritylegendary>전설급</raritylegendary> 아이템에 스킬 가속.<br/></li></maintext>
제국의 명령,2500,"<maintext><stats>주문력 <attention>40</attention><br/>체력 <attention>200</attention><br/>스킬 가속 <attention>20</attention><br/>기본 마나 재생 <attention>100%</attention></stats><br/><li><passive>합동 공격:</passive> 챔피언을 스킬로 <status>둔화</status> 또는 <status>이동 불가</status> 상태로 만들면 추가 피해를 입히고 표식을 남깁니다. 아군 챔피언이 해당 적에게 피해를 입히면 표식이 폭발하며 추가 피해를 입히고, 자신과 아군의 이동 속도가 상승합니다. <br/><br/><raritymythic>신화급 기본 지속 효과:</raritymythic> 다른 모든 <raritylegendary>전설급</raritylegendary> 아이템에 주문력. <br/></li></maintext>"
월석 재생기,2500,<maintext><stats>주문력 <attention>40</attention><br/>체력 <attention>200</attention><br/>스킬 가속 <attention>20</attention><br/>기본 마나 재생 <attention>100%</attention></stats><br/><li><passive>별빛 은총:</passive> 전투에서 챔피언에게 기본 공격이나 스킬을 가하면 주변에서 가장 많은 피해를 입은 아군의 체력을 회복시킵니다. 챔피언과 전투에 돌입하고 매초가 지날 때마다 체력 회복과 보호막 효과가 증가합니다.<br/><br/><raritymythic>신화급 기본 지속 효과:</raritymythic> 다른 모든 <raritylegendary>전설급</raritylegendary> 아이템에 <passive>별빛 은총</passive> 회복량이 증가합니다.<br/><br/></li></maintext>
강철의 솔라리 펜던트,2500,<maintext><stats>체력 <attention>200</attention><br/>스킬 가속 <attention>20</attention><br/>방어력 <attention>30</attention><br/>마법 저항력 <attention>30</attention></stats><br/><br/><active>사용 시 -</active> <active>헌신:</active> 주변 아군에게 <shield>보호막</shield>을 부여합니다. 보호막은 서서히 사라집니다.<br/><li><passive>전념:</passive> 주변 아군 챔피언의 방어력과 <scalemr>마법 저항력</scalemr>을 증가시킵니다. <br/><br/><raritymythic>신화급 기본 지속 효과:</raritymythic> 다른 모든 <raritylegendary>전설급</raritylegendary> 아이템에 방어력과 마법 저항력이 <passive>전념</passive> 효과만큼 상승합니다.<br/><br/></li></maintext>
고속 연사포,2500,<maintext><stats>공격 속도 <attention>35%</attention><br/>치명타 확률 <attention>20%</attention><br/>이동 속도 <attention>7%</attention></stats><br/><li><passive>충전 상태:</passive> 이동하거나 공격하면 충전 상태로 공격할 수 있습니다.<li><passive>저격수:</passive> 충전 상태로 공격 시 추가 피해를 입히며 사거리가 증가합니다.<br/><br/><rules>사거리는 최대 150유닛 거리까지만 증가할 수 있습니다.</rules></li></li></maintext>
증오의 사슬,2500,"<maintext><stats>체력 <attention>650</attention><br/>스킬 가속 <attention>20</attention></stats><br/><br/><active>사용 시 -</active> <active>맹세:</active> 피의 복수를 할 숙적을 선택합니다. (90초)<br/><li><passive>피의 복수:</passive> 숙적으로부터 받는 피해량이 감소합니다. (피의 복수 중첩당 상승) 시간이 지남에 따라 중첩을 얻으며, 60초 후에 최대 중첩에 도달합니다.<li><passive>복수:</passive> 최대 중첩 시 근처에 있는 숙적의 강인함이 감소합니다.<br/><br/><rules>죽은 상태에서도 전장 전체에 사용할 수 있습니다. 새로운 대상을 지정하면 중첩이 초기화됩니다. 챔피언과 전투 중일 때는 15초 동안 사용할 수 없습니다.</rules><br/><br/><flavortext>''그녀는 그자를 파멸시키는 데 자신의 삶을 바치겠다고 맹세했다. 건틀릿이 그 증인이지.''</flavortext></li></li></maintext>"
밴시의 장막,2600,<maintext><stats>주문력 <attention>80</attention><br/>마법 저항력 <attention>45</attention><br/>스킬 가속 <attention>10</attention></stats><br/><li><passive>무효화:</passive> 적의 다음 스킬을 막아 주는 주문 방어막을 생성합니다.<br/><br/><rules>효과가 다시 활성화되기 전에 챔피언으로부터 피해를 입으면 재사용 대기시간이 초기화됩니다.</rules></li></maintext>
구인수의 격노검,2600,<maintext><stats>공격 속도 <attention>45%</attention><br/>치명타 확률 <attention>20%</attention></stats><br/><li><passive>분노:</passive> 치명타 확률이 <onhit>적중 시</onhit> 의 피해량으로 전환됩니다. 치명타 확률 20%당 <physicaldamage>40</physicaldamage>의 피해(<onhit>적중 시</onhit> )를 입힙니다.<li><passive>들끓는 일격:</passive> 세 번째 기본 공격을 가할 때마다 적중 시 효과가 두 번 적용됩니다.<br/><br/><rules>치명타 확률이 100%가 되면 <passive>분노</passive> 효과가 최대가 됩니다. <passive>분노</passive>의 적중 시 피해량은 치명타 피해량 관련 능력치에 따라 증가합니다. </rules></li></li></maintext>
유령 무희,2600,<maintext><stats>공격력 <attention>20</attention><br/>공격 속도 <attention>25%</attention><br/>치명타 확률 <attention>20%</attention><br/>이동 속도 <attention>7%</attention></stats><br/><li><passive>망령의 왈츠:</passive> 기본 공격을 가하면 <status>유체화</status> 상태가 되어 이동 속도가 중첩되어 상승합니다. 또한 기본 공격을 4회 가하면 망령의 왈츠 효과가 공격 속도를 상승시킵니다.<br/><br/><rules><status>유체화</status> 상태인 유닛은 다른 유닛과 충돌하지 않습니다.</rules></li></maintext>
라일라이의 수정홀,2600,<maintext><stats>주문력 <attention>75</attention><br/>체력 <attention>400</attention></stats><br/><li><passive>서리:</passive> 스킬로 적에게 피해를 입히면 <status>둔화</status>시킵니다.</li></maintext>
독사의 송곳니,2600,<maintext><stats>공격력 <attention>55</attention><br/>물리 관통력 <attention>12</attention></stats><br/><li><passive>보호막 파괴자:</passive> 적 챔피언에게 피해를 입히면 받는 보호막의 효과를 감소시킵니다. 보호막 파괴자에 영향을 받지 않은 적에게 피해를 입히면 보호막을 모두 감소시킵니다.<br/><br/>아이템 성능은 근접 챔피언과 원거리 챔피언에게 각각 다르게 적용됩니다.</li></maintext>
혹한의 손길,2600,<maintext><stats>체력 <attention>400</attention><br/>마나 <attention>500</attention><br/>스킬 가속 <attention>15</attention></stats><br/><li><passive>경탄:</passive> <scalehealth>총 마나만큼 체력</scalehealth>을 추가로 얻습니다.<li><passive>마나 충전:</passive> 대상에게 스킬 또는 기본 공격을 적중시키면 중첩을 하나 소모해 <scalemana>3의 추가 마나</scalemana>를 얻습니다. 챔피언 대상으로는 두 배로 적용됩니다. 추가 마나가 최대치인 360에 도달하면 <raritylegendary>종말의 겨울</raritylegendary>로 변합니다.<br/><br/><rules>8초마다 새로운 <passive>마나 충전</passive> 중첩을 얻습니다. (최대 4)</rules></li></li></maintext>
루난의 허리케인,2600,<maintext><stats>공격 속도 <attention>45%</attention><br/>치명타 확률 <attention>20%</attention><br/>이동 속도 <attention>7%</attention></stats><br/><li><passive>바람의 분노:</passive> 기본 공격 시 대상 주변 최대 2명의 적에게 작은 탄환을 발사합니다. 이 탄환에는 치명타 및 적중 시 효과가 적용됩니다.<br/><br/><rules>원거리 챔피언 전용 아이템입니다.</rules></li></maintext>
폭풍갈퀴,2700,<maintext><stats>공격력 <attention>45</attention><br/>공격 속도 <attention>15%</attention><br/>치명타 확률 <attention>20%</attention></stats><br/><li><passive>충전 상태:</passive> 이동하거나 공격하면 충전 상태로 공격할 수 있습니다.<li><passive>마비:</passive> 충전 상태로 공격 시 추가 마법 피해를 입힙니다. 충전 효과로 적을 둔화시킵니다.<br/></li></li></maintext>
얼어붙은 심장,2700,<maintext><stats>방어력 <attention>90</attention><br/>마나 <attention>400</attention><br/>스킬 가속 <attention>20</attention></stats><br/><li><passive>혹한의 포옹:</passive> 주변 적의 <attackspeed>공격 속도</attackspeed>를 감소시킵니다.<li><passive>견고:</passive> 기본 공격으로 받는 피해량이 감소합니다.</li></li></maintext>
태양불꽃 방패,2700,<maintext><stats>체력 <attention>500</attention><br/>방어력 <attention>50</attention></stats><br/><li><passive>불사르기:</passive> 피해를 받거나 입히면 주변 적들에게 3초 동안 초당 <magicdamage>(15+ 최대 체력의 1.75%)의 마법 피해</magicdamage>를 입힙니다. (미니언 대상 25%) 챔피언이나 에픽 몬스터에게 이 효과로 피해를 입히면 중첩이 1회 쌓여 다음 <passive>불사르기</passive> 피해량이 5초 동안 10% 증가합니다. (최대 6회 중첩)<br/></li></maintext>
가시 갑옷,2700,"<maintext><stats>체력 <attention>350</attention><br/>방어력 <attention>70</attention></stats><br/><li><passive>가시:</passive> 기본 공격에 맞으면 공격한 적에게 피해를 입히고, 대상이 챔피언일 경우 <status>40%</status>의 고통스러운 상처를 남깁니다.<br/><br/><rules><status>고통스러운 상처</status>는 치유 및 회복 효과를 감소시킵니다.</rules></li></maintext>"
종말의 겨울,2700,<maintext><stats>체력 <attention>400</attention><br/>마나 <attention>860</attention><br/>스킬 가속 <attention>15</attention></stats><li><passive>경탄:</passive> 마나에 따라 추가 체력을 얻습니다.<li><passive>불변:</passive> 적 챔피언을 <status>이동 불가</status> 또는 <status>둔화</status> 상태로 만들면 마나를 소모해 보호막을 얻습니다. 근처에 적이 둘 이상 있으면 보호막의 피해 흡수량이 증가합니다.</li></li></maintext>
화공 펑크 사슬검,2800,<maintext><stats>공격력 <attention>55</attention><br/>체력 <attention>250</attention><br/>스킬 가속 <attention>25</attention></stats><br/><li><passive>광란의 뿔:</passive> 적 챔피언에게 물리 피해를 입히면 3초 동안 40%의 <status>고통스러운 상처</status>를 남깁니다.<br/><br/><rules><status>고통스러운 상처</status>는 치유 및 회복 효과를 감소시킵니다.</rules></li></maintext>
만년서리,2800,<maintext><stats>주문력 <attention>70</attention><br/>체력 <attention>250</attention><br/>마나 <attention>600</attention><br/>스킬 가속 <attention>20</attention></stats><br/><br/><active>사용 시 -</active> <active>빙결:</active> 원뿔 범위 내의 적들에게 피해를 입히고 맞은 적들을 <status>둔화</status>시킵니다. 범위 중앙의 적들은 <status>속박</status>됩니다.<br/><br/><raritymythic>신화급 기본 지속 효과:</raritymythic> 다른 모든 <raritylegendary>전설급</raritylegendary> 아이템에 주문력. <br/></maintext>
터보 화공 탱크,2800,<maintext><stats>체력 <attention>500</attention><br/>마법 저항력 <attention>50</attention><br/>스킬 가속 <attention>10</attention></stats><br/><br/><active>사용 시 -</active> <active>고속 충전 완료:</active> 적이나 적 포탑 쪽으로 이동할 때 이동 속도가 상승합니다. 적에게 근접하거나 4초가 지나면 충격파를 발산하여 주변 적 챔피언들을 <status>둔화</status>시킵니다.</maintext>
공허의 지팡이,2800,<maintext><stats>주문력 <attention>65</attention><br/>마법 관통력 <attention>40%</attention></stats></maintext>
선체파괴자,2800,<maintext><stats>공격력 <attention>50</attention><br/>체력 <attention>400</attention><br/>기본 체력 재생 <attention>150%</attention></stats><br/><br/><li><passive>승선 부대:</passive> 근처에 아군 챔피언이 없으면 <scalearmor>방어력</scalearmor>과 <scalemr>마법 저항력</scalemr>을 획득하고 기본 공격으로 포탑에 입히는 피해가 증가합니다. 주변에 있는 대형 미니언은 <scalearmor>방어력</scalearmor>과 <scalemr>마법 저항력</scalemr>을 획득하고 포탑에 입히는 피해가 증가합니다. <br/><br/><rules>아군 챔피언이 너무 가까이 오면 승선 부대 효과로 얻은 방어력과 마법 저항력이 3초에 걸쳐 사라집니다.</rules><br/></li></maintext>
부서진 여왕의 왕관,2800,<maintext><stats>주문력 <attention>70</attention><br/>체력 <attention>250</attention><br/>마나 <attention>600</attention><br/>스킬 가속 <attention>20</attention></stats><br/><li><passive>신성한 보호:</passive> <keywordmajor>보호</keywordmajor>를 받아 챔피언으로부터 받는 피해가 감소합니다. <keywordmajor>보호</keywordmajor> 효과는 챔피언에게 피해를 받은 후 1.5초 동안 지속됩니다. <li><passive>신의 선물:</passive> <keywordmajor>보호</keywordmajor> 상태일 때와 보호 효과가 끝난 뒤 3초 동안 주문력을 얻습니다. <br/><br/><raritymythic>신화급 기본 지속 효과:</raritymythic> 다른 모든 <raritylegendary>전설급</raritylegendary> 아이템에 이동 속도 및 주문력.</li></li></maintext>
영겁의 지팡이,2800,"<maintext><stats>주문력 <attention>60</attention><br/>체력 <attention>400</attention><br/>마나 <attention>400</attention></stats><br/><br/>60초마다 체력 20, 마나 20, 주문력 4씩 최대 10번 체력 200, 마나 200, 주문력 40까지 얻습니다. 최대 중첩에 도달하면 레벨이 오르며 모든 영원 효과가 50% 증가합니다.<br/><li><passive>영원:</passive> 챔피언에게 받은 감소 전 피해량의 7%에 해당하는 마나를 회복하고 사용한 마나의 25%에 해당하는 체력을 회복합니다. 스킬 사용 1회당 초당 최대 20의 체력을 회복합니다. 이렇게 회복한 체력 또는 마나 200당 <speed>이동 속도가 35%</speed> 증가합니다. 이 효과는 3초에 걸쳐 점차 감소합니다.<br/><br/><raritymythic>신화급 기본 지속 효과:</raritymythic> 다른 모든 <raritylegendary>전설급</raritylegendary> 아이템에 <attention>스킬 가속 5.</attention></li></maintext>"
정수 약탈자,2900,<maintext><stats>공격력 <attention>55</attention><br/>치명타 확률 <attention>20%</attention><br/>스킬 가속 <attention>20</attention></stats><br/><li><passive>주문 검:</passive> 스킬을 사용하고 나면 다음 기본 공격 시 추가 피해를 입히고 마나를 회복합니다.</li></maintext>
대자연의 힘,2900,<maintext><stats>체력 <attention>350</attention><br/>마법 저항력 <attention>70</attention><br/>이동 속도 <attention>5%</attention></stats><br/><li><passive>흡입:</passive> 적 챔피언에게 <magicdamage>마법 피해</magicdamage>를 입으면 <attention>굳건함</attention> 중첩을 1회 얻습니다. 적의 <status>이동 불가</status> 효과를 받으면 추가로 중첩을 얻습니다.<li><passive>분산:</passive> <attention>굳건함</attention>이 최대로 중첩되면 감소된 마법 피해를 받고 이동 속도가 상승합니다.</li></li></maintext>
마나무네,2900,<maintext><stats>공격력 <attention>35</attention><br/>마나 <attention>500</attention><br/>스킬 가속 <attention>15</attention></stats><br/><li><passive>경탄:</passive> <scalead>공격력을 최대 마나만큼</scalead> 추가로 얻습니다. <li><passive>마나 충전:</passive> 대상에게 스킬 또는 기본 공격을 적중시키면 중첩을 하나 소모해 <scalemana>3의 추가 마나</scalemana>를 얻습니다. 챔피언 대상으로는 두 배로 적용됩니다. 추가 마나가 최대치인 360에 도달하면 <raritylegendary>무라마나</raritylegendary>로 변합니다.<br/><br/><rules>8초마다 새로운 <passive>마나 충전</passive> 중첩을 얻습니다. (최대 4)</rules></li></li></maintext>
정령의 형상,2900,<maintext><stats>체력 <attention>450</attention><br/>마법 저항력 <attention>50</attention><br/>스킬 가속 <attention>10</attention><br/>기본 체력 재생 <attention>100%</attention></stats><br/><li><passive>무한한 활력:</passive> 자신이 받는 모든 체력 회복 및 보호막 효과가 증가합니다.</li></maintext>
망자의 갑옷,2900,<maintext><stats>체력 <attention>300</attention><br/>방어력 <attention>45</attention><br/>이동 속도 <attention>5%</attention></stats><li><passive>침몰시키는 자:</passive> 이동 시 추가 이동 속도를 얻습니다. 다음 기본 공격 시 피해를 입히고 추가 이동 속도를 잃습니다. 최고 속도에서 근접 챔피언이 기본 공격 시 대상을 <status>둔화</status>시킵니다.<br/><br/><flavortext>''내 갑옷을 뺏을 방도는 하나뿐이다...'' - 무명씨</flavortext></li></maintext>
맬모셔스의 아귀,2900,<maintext><stats>공격력 <attention>65</attention><br/>마법 저항력 <attention>50</attention></stats><br/><li><passive>생명선:</passive> 마법 피해를 받아 체력이 30% 이하가 될 경우 마법 피해를 흡수하는 보호막을 얻습니다. <passive>생명선</passive> 효과가 발동하면 전투가 끝날 때까지 모든 피해 흡혈 효과를 얻습니다.  </li></maintext>
밤의 끝자락,2900,<maintext><stats>공격력 <attention>50</attention><br/>물리 관통력 <attention>10</attention><br/>체력 <attention>325</attention></stats><br/><li><passive>무효화:</passive> 적의 다음 스킬을 막아 주는 주문 방어막을 생성합니다.<br/><br/><rules>효과가 다시 활성화되기 전에 피해를 입으면 재사용 대기시간이 초기화됩니다.</rules></li></maintext>
대천사의 지팡이,3000,<maintext><stats>주문력 <attention>70</attention><br/>마나 <attention>500</attention><br/>체력 <attention>200</attention><br/>스킬 가속 <attention>10</attention></stats><br/><li><passive>경탄:</passive> 추가 마나만큼 주문력을 얻습니다.<li><passive>마나 충전:</passive> 대상에게 스킬을 적중시키면 중첩을 하나 소모해 3의 추가 마나를 얻습니다. 챔피언 대상으로는 두 배로 적용됩니다. 추가 마나가 최대치인 360에 도달하면 <raritylegendary>대천사의 포옹</raritylegendary>으로 변합니다.<br/><br/><rules>8초마다 새로운 <passive>마나 충전</passive> 중첩을 얻습니다. (최대 4)</rules></li></li></maintext>
무라마나,3000,<maintext><stats>공격력 <attention>35</attention><br/>마나 <attention>860</attention><br/>스킬 가속 <attention>15</attention></stats><br/><li><passive>경탄:</passive> 마나에 따라 추가 공격력을 얻습니다. <li><passive>충격:</passive> 기본 공격으로 챔피언에게 추가 물리 피해를 입힙니다.</li></li></maintext>
수호 천사,3000,"<maintext><stats>공격력 <attention>45</attention><br/>방어력 <attention>40</attention></stats><br/><li><passive>구원의 은총:</passive> 치명적인 피해를 입으면 4초 동안 경직에 걸린 다음 <healing>기본 체력의 50%</healing>, <scalemana>최대 마나의 30%</scalemana>를 회복합니다. (재사용 대기시간 300초)</li></maintext>"
리치베인,3000,<maintext><stats>주문력 <attention>75</attention><br/>스킬 가속 <attention>15</attention><br/>이동 속도 <attention>8%</attention></stats><br/><li><passive>주문 검:</passive> 스킬을 사용하고 나면 다음 기본 공격 시 추가 마법 피해를 입힙니다.</li></maintext>
지평선의 초점,3000,"<maintext><stats>주문력 <attention>100</attention><br/>체력 <attention>150</attention><br/>스킬 가속 <attention>15</attention></stats><br/><li><passive>초강력 사격:</passive> 700 거리보다 멀리에서 대상을 지정하지 않는 스킬로 챔피언에게 피해를 입히거나 <status>둔화 또는 이동 불가</status> 상태로 만들면 대상의 <keywordstealth>위치를 드러내고</keywordstealth> 자신이 입히는 피해를 증가시킵니다.<br/><br/><rules><passive>초강력 사격</passive>을 발동하는 스킬 역시 피해량이 증가합니다. 소환물이나 이동 불가 효과가 없는 덫은 이 효과를 발동시키지 않습니다. 범위 지정 스킬은 처음에만 이 효과를 발동시키고, 거리는 사용 시 위치 기준으로 계산됩니다. </rules></li></maintext>"
우주의 추진력,3000,<maintext><stats>주문력 <attention>90</attention><br/>스킬 가속 <attention>30</attention><br/>이동 속도 <attention>5%</attention></stats><br/><li><passive>마법의 춤:</passive> 한 챔피언에게 별개의 기본 공격이나 스킬로 3회 공격하면 적 챔피언과의 전투에서 벗어날 때까지 이동 속도와 주문력이 상승합니다.<br/></li></maintext>
란두인의 예언,3000,<maintext><stats>체력 <attention>400</attention><br/>방어력 <attention>60</attention></stats><br/><br/><active>사용 시 -</active> <active>억제:</active> 주변 적들에게 <status>둔화 효과</status>를 적용합니다.<br/><li><passive>견고:</passive> 기본 공격으로 받는 피해량이 감소합니다.<li><passive>치명타 저항:</passive> 치명타로 받는 피해량이 20% 감소합니다.</li></li></maintext>
악마의 포옹,3000,<maintext><stats>주문력 <attention>75</attention><br/>체력 <attention>350</attention></stats><br/><li><passive>아자카나의 응시:</passive> 스킬 피해를 입히면 적을 불태워 매초 최대 체력에 비례한 마법 피해를 입힙니다.<li><passive>어둠의 계약:</passive> <scalehealth>추가 체력</scalehealth>만큼 <scaleap>주문력</scaleap>을 얻습니다. </li></li></maintext>
은빛 여명,3000,"<maintext><stats>공격력 <attention>40</attention><br/>체력 <attention>300</attention><br/>마법 저항력 <attention>40</attention></stats><br/><br/><active>사용 시 -</active> <active>수은:</active> 모든 군중 제어 효과가 제거되며, 강인함과 둔화 저항 효과를 얻습니다.</maintext>"
얼어붙은 건틀릿,3000,"<maintext><stats>체력 <attention>400</attention><br/>방어력 <attention>50</attention><br/>스킬 가속 <attention>20</attention></stats><br/><li><passive>주문 검:</passive> 스킬을 사용하고 나면 다음 기본 공격 시 추가 피해를 입히고 2.5초 동안 서리 영역을 생성합니다. 서리 영역을 지나는 적들은 <status>둔화</status>됩니다. 첫 번째 대상은 무력화되어 100% 더 둔화되고 2.5초 동안 내게 입히는 피해량이 10% 감소합니다. (1.5초 )<br/><br/><raritymythic>신화급 기본 지속 효과:</raritymythic> 다른 모든 <raritylegendary>전설급</raritylegendary> 아이템에 <attention>체력 50</attention>, <attention>강인함 5%</attention>, <attention>둔화 저항 5%</attention><br/></li></maintext>"
징수의 총,3000,<maintext><stats>공격력 <attention>55</attention><br/>치명타 확률 <attention>20%</attention><br/>물리 관통력 <attention>12</attention></stats><br/><li><passive>죽음과 세금:</passive> 적 챔피언에게 피해를 입혀 체력이 5% 이하가 되면 처형합니다. 챔피언 처치 시 추가로 25골드를 얻습니다.</li></maintext>
워모그의 갑옷,3000,"<maintext><stats>체력 <attention>800</attention><br/>스킬 가속 <attention>10</attention><br/>기본 체력 재생 <attention>200%</attention></stats><br/><li><passive>워모그의 심장:</passive> 추가 체력이 1100 이상일 때, 6초 동안 피해를 입지 않으면 매초 체력을 회복합니다.</li></maintext>"
요우무의 유령검,3000,<maintext><stats>공격력 <attention>55</attention><br/>물리 관통력 <attention>18</attention><br/>스킬 가속 <attention>15</attention></stats><br/><br/><active>사용 시 -</active> <active>망령의 발걸음:</active> 이동 속도가 상승하고 유체화 효과를 얻습니다.<br/><li><passive>출몰:</passive> 전투에서 벗어나 있을 때 이동 속도가 상승합니다.<br/><br/><rules><status>유체화</status> 상태인 유닛은 다른 유닛과 충돌하지 않습니다.</rules></li></maintext>
존야의 모래시계,3000,"<maintext><stats>주문력 <attention>80</attention><br/>방어력 <attention>45</attention><br/>스킬 가속 <attention>15</attention></stats><br/><br/><active>사용 시 -</active> <active>경직:</active> 2.5초 동안 <status>무적</status> 및 <status>대상으로 지정할 수 없는 상태</status>가 되지만, 그동안 아무런 행동도 할 수 없습니다.</maintext>"
그림자불꽃,3000,<maintext><stats>주문력 <attention>100</attention><br/>체력 <attention>200</attention></stats><br/><li><passive>잿덩이꽃:</passive> 챔피언에게 입히는 피해에 의 추가 <keywordstealth>마법 관통력</keywordstealth>이 적용됩니다. 이 수치는 대상의 현재 <scalehealth>체력</scalehealth>이 낮을수록 증가합니다. 최근 보호막을 받은 대상에게 효과가 최대로 적용됩니다. </li></maintext>
원칙의 원형낫,3000,<maintext><stats>공격력 <attention>55</attention><br/>물리 관통력 <attention>18</attention><br/>스킬 가속 <attention>25</attention></stats><br/><li><passive>흐름:</passive> 피해를 입힌 챔피언이 3초 내에 처치되면 궁극기 총 재사용 대기시간의 20%를 돌려받습니다.</li></maintext>
심연의 가면,3000,<maintext><stats>체력 <attention>500</attention><br/>마나 <attention>300</attention><br/>마법 저항력 <attention>40</attention><br/>스킬 가속 <attention>10</attention></stats><br/><li><passive>영원:</passive> 챔피언에게 받은 감소 전 피해량의 7%에 해당하는 마나를 회복하고 사용한 마나의 25%에 해당하는 체력을 회복합니다. 스킬 사용 1회당 초당 최대 20의 체력을 회복합니다.<li><passive>파괴:</passive> 주변 적 챔피언들에게 <status>저주</status>를 내려 마법 저항력을 감소시킵니다. <status>저주</status>를 내린 적 하나당 마법 저항력을 얻습니다.</li></li></maintext>
필멸자의 운명,3000,<maintext><stats>공격력 <attention>35</attention><br/>방어구 관통력 <attention>30%</attention><br/>치명타 확률 <attention>20%</attention></stats><br/><li><passive>패혈증:</passive> 적 챔피언에게 물리 피해를 입히면 3초 동안 <status>40%의 고통스러운 상처</status>를 남깁니다.<br/><br/><rules><status>고통스러운 상처</status>는 치유 및 회복 효과를 감소시킵니다.</rules></li></maintext>
도미닉 경의 인사,3000,<maintext><stats>공격력 <attention>35</attention><br/>치명타 확률 <attention>20%</attention><br/>방어구 관통력 <attention>30%</attention></stats><br/><li><passive>거인 학살자:</passive> 자신보다 최대 체력이 높은 적 챔피언에게 추가 물리 피해를 입힙니다.</li></maintext>
대천사의 포옹,3000,<maintext><stats>주문력 <attention>70</attention><br/>마나 <attention>860</attention><br/>체력 <attention>200</attention><br/>스킬 가속 <attention>10</attention></stats><br/><li><passive>경탄:</passive> 마나에 따라 주문력을 얻습니다.<li><passive>생명선:</passive> 체력이 30% 밑으로 떨어질 만큼 피해를 입으면 현재 마나에 비례해 보호막을 얻습니다.</li></li></maintext>
헤르메스의 시미터,3000,"<maintext><stats>공격력 <attention>40</attention><br/>치명타 확률 <attention>20%</attention><br/>마법 저항력 <attention>40</attention></stats><br/><br/><active>사용 시 -</active> <active>수은:</active> 모든 군중 제어 효과가 제거되며, 이동 속도가 증가합니다.</maintext>"
모렐로노미콘,3000,<maintext><stats>주문력 <attention>90</attention><br/>체력 <attention>200</attention><br/>마법 관통력 <attention>10</attention></stats><br/><li><passive>괴로움:</passive> 적 챔피언에게 마법 피해를 입히면 3초 동안 <status>40%의 고통스러운 상처</status>를 남깁니다.<br/><br/><rules><status>고통스러운 상처</status>는 치유 및 회복 효과를 감소시킵니다.</rules></li></maintext>
칠흑의 양날 도끼,3100,<maintext><stats>공격력 <attention>50</attention><br/>체력 <attention>400</attention><br/>스킬 가속 <attention>30</attention></stats><br/><li><passive>깎아내기:</passive> 챔피언에게 물리 피해를 입히면 방어력을 감소시키는 중첩을 1회 적용합니다.<li><passive>분노:</passive> 챔피언에게 물리 피해를 입히면 적용된 <unique>깎아내기</unique> 중첩만큼 이동 속도가 상승합니다.</li></li></maintext>
드락사르의 황혼검,3100,<maintext><stats>공격력 <attention>60</attention><br/>물리 관통력 <attention>18</attention><br/>스킬 가속 <attention>20</attention></stats><br/><li><passive>밤의 추적자:</passive> 챔피언에게 기본 공격 시 피해를 추가로 입힙니다. 또한 근접 챔피언의 경우 대상을 <status>둔화</status>시킵니다. 피해를 입은 챔피언이 3초 내에 처치되면 재사용 대기시간이 초기화되며 <keywordstealth>투명</keywordstealth> 상태가 됩니다.<br/><br/><raritymythic>신화급 기본 지속 효과:</raritymythic> 다른 모든 <raritylegendary>전설급</raritylegendary> 아이템에 스킬 가속 및 이동 속도.<br/></li></maintext>
월식,3100,<maintext><stats>공격력 <attention>60</attention><br/>물리 관통력 <attention>12</attention><br/>스킬 가속 <attention>15</attention></stats><br/><br/><li><passive>늘 떠오르는 달:</passive> 1.5초 내에 한 챔피언에게 별개의 기본 공격이나 스킬로 2회 공격하면 피해를 추가로 입히고 이동 속도가 상승하며 일정 피해를 흡수하는 보호막을 얻습니다.<br/><br/><raritymythic>신화급 기본 지속 효과:</raritymythic> 다른 모든 <raritylegendary>전설급</raritylegendary> 아이템에 방어구 관통력 및 이동 속도.</li></maintext>
자객의 발톱,3100,<maintext><stats>공격력 <attention>60</attention><br/>물리 관통력 <attention>18</attention><br/>스킬 가속 <attention>20</attention></stats><br/><br/><active>사용 시 -</active> <active>모래 일격:</active> 지정한 적 챔피언을 관통해 돌진하며 피해를 입히고 대상에게 입히는 피해량이 증가합니다.<br/><br/><raritymythic>신화급 기본 지속 효과:</raritymythic> 다른 모든 <raritylegendary>전설급</raritylegendary> 아이템에 물리 관통력 및 이동 속도.</maintext>
마법사의 최후,3100,<maintext><stats>공격력 <attention>40</attention><br/>공격 속도 <attention>40%</attention><br/>마법 저항력 <attention>40</attention></stats><br/><li><passive>난투:</passive> 기본 공격 적중 시 마법 피해를 입히고 이동 속도가 상승합니다.</li></maintext>
스테락의 도전,3100,<maintext><stats>체력 <attention>400</attention></stats><br/><li><passive>잡아채는 발톱:</passive> 기본 공격력을 추가 공격력으로 얻습니다.<li><passive>생명선:</passive> 체력이 30% 밑으로 떨어질 만큼 피해를 입으면 보호막을 얻습니다. 보호막 피해 흡수량은 점차 감소합니다.</li></li></maintext>
내셔의 이빨,3200,<maintext><stats>주문력 <attention>100</attention><br/>공격 속도 <attention>50%</attention><br/>스킬 가속 <attention>15</attention></stats><br/><li><passive>이케시아의 이빨:</passive> 기본 공격 시 마법 피해(<onhit>적중 시</onhit> )를 입힙니다.</li></maintext>
균열 생성기,3200,<maintext><stats>주문력 <attention>70</attention><br/>체력 <attention>300</attention><br/>스킬 가속 <attention>15</attention><br/>모든 피해 흡혈 <attention>7%</attention></stats><br/><li><passive>공허의 부패:</passive> 적 챔피언에게 피해를 입힐 시 매초 추가 피해를 입힙니다. 피해량이 최대가 되면 추가 피해량을 <truedamage>고정 피해</truedamage>로 전환합니다. <br/><br/><raritymythic>신화급 기본 지속 효과:</raritymythic> 다른 모든 <raritylegendary>전설급</raritylegendary> 아이템에 모든 피해 흡혈 및 주문력.</li></maintext>
밤의 수확자,3200,<maintext><stats>주문력 <attention>90</attention><br/>체력 <attention>300</attention><br/>스킬 가속 <attention>25</attention></stats><br/><li><passive>영혼 찢기:</passive> 챔피언에게 피해를 입히면 추가 마법 피해를 입히고 이동 속도가 상승합니다.<br/><br/><raritymythic>신화급 기본 지속 효과:</raritymythic> 다른 모든 <raritylegendary>전설급</raritylegendary> 아이템에 스킬 가속.</li></maintext>
리안드리의 고뇌,3200,<maintext><stats>주문력 <attention>80</attention><br/>마나 <attention>600</attention><br/>스킬 가속 <attention>20</attention></stats><br/><li><passive>고뇌:</passive> 대상의 추가 체력에 비례해 챔피언에게 추가 마법 피해를 입힙니다.<li><passive>고통:</passive> 스킬로 피해를 입히면 일정 시간 동안 적을 불태웁니다.<br/><br/><raritymythic>신화급 기본 지속 효과:</raritymythic> 다른 모든 <raritylegendary>전설급</raritylegendary> 아이템에 스킬 가속.</li></li></maintext>
루덴의 폭풍,3200,<maintext><stats>주문력 <attention>80</attention><br/>마법 관통력 <attention>6</attention><br/>마나 <attention>600</attention><br/>스킬 가속 <attention>20</attention></stats><br/><li><passive>메아리:</passive> 스킬로 피해를 입히면 대상과 주변 3명의 적에게 마법 피해를 입히고 이동 속도가 상승합니다. 챔피언에게 스킬 피해를 입히면 이 아이템의 재사용 대기시간이 감소합니다.<br/><br/><raritymythic>신화급 기본 지속 효과:</raritymythic> 다른 모든 <raritylegendary>전설급</raritylegendary> 아이템에 마법 관통력. </li></maintext>
피바라기,3200,<maintext><stats>공격력 <attention>55</attention><br/>치명타 확률 <attention>20%</attention><br/>생명력 흡수 <attention>15%</attention></stats><br/><li><passive>영액의 보호막:</passive> 기본 공격으로 최대 체력 이상 생명력 흡수가 가능합니다. 체력 회복 초과분은 보호막으로 전환되며 피해를 주거나 입지 않으면 서서히 사라집니다.</li></maintext>
마법공학 로켓 벨트,3200,<maintext><stats>주문력 <attention>90</attention><br/>마법 관통력 <attention>6</attention><br/>체력 <attention>250</attention><br/>스킬 가속 <attention>15</attention></stats><br/><br/><active>사용 시 -</active> <active>초음속:</active> 지정 방향으로 돌진하며 부채꼴 모양으로 피해를 입히는 마법 탄환을 발사합니다. 그리고 적 챔피언 방향으로 이동할 때 이동 속도가 상승합니다.<br/><br/><raritymythic>신화급 기본 지속 효과:</raritymythic> 다른 모든 <raritylegendary>전설급</raritylegendary> 아이템에 마법 관통력.</maintext>
세릴다의 원한,3200,<maintext><stats>공격력 <attention>45</attention><br/>방어구 관통력 <attention>30%</attention><br/>스킬 가속 <attention>20</attention></stats><br/><li><passive>매서운 추위:</passive> 스킬로 적에게 피해를 입히면 <status>둔화</status>시킵니다.</li></maintext>
강철심장,3200,<maintext><stats>체력 <attention>800</attention><br/>기본 체력 재생 <attention>200%</attention><br/>스킬 가속 <attention>20</attention></stats><br/><li><passive>거인의 흡수:</passive> 700의 사거리 내에 있는 챔피언을 상대로 3초 동안 강력한 공격을 충전합니다. 충전된 공격은 대상에게 125+최대 체력의 <scalehealth>6%</scalehealth>에 해당하는 추가 물리 피해를 입히고 피해량의 10%만큼 최대 체력을 얻습니다. 대상별 재사용 대기시간은 30초입니다.<br/><br/><raritymythic>신화급 기본 지속 효과:</raritymythic> 다른 모든 <raritylegendary>전설급</raritylegendary> 아이템에 체력이 <attention>1%</attention> 증가하고 챔피언이 <attention>6%</attention> 거대해집니다.</li></maintext>
해신 작쇼,3200,"<maintext><stats>체력 <attention>400</attention><br/>방어력 <attention>30</attention><br/>마법 저항력 <attention>30</attention><br/>스킬 가속 <attention>20</attention></stats><br/><li><passive>공허 태생의 저항력:</passive> 챔피언과 전투 중 매초 <scalearmor>방어력</scalearmor> 및 <scalemr>마법 저항력</scalemr> 중첩을 획득하며 최대 8회 중첩됩니다. 최대 중첩에서 강화되어 주변 적들을 즉시 흡수하고 마법 피해를 입히며, 자신의 체력을 회복하고, 전투가 끝날 때까지 추가 방어력 및 마법 저항력이 증가합니다.<br/><br/><raritymythic>신화급 기본 지속 효과:</raritymythic> 다른 모든 <raritylegendary>전설급</raritylegendary> 아이템에 <attention>방어력 및 마법 저항력</attention></li></maintext>"
광휘의 미덕,3200,<maintext><stats>체력 <attention>400</attention><br/>방어력 <attention>30</attention><br/>마법 저항력 <attention>30</attention><br/>스킬 가속 <attention>20</attention></stats><br/><li><passive>인도하는 빛:</passive> 궁극기를 사용하면 초월하여 최대 체력이 증가합니다. 초월 상태에서 자신과 아군이 서서히 체력을 회복합니다.<br/><br/><raritymythic>신화급 기본 지속 효과:</raritymythic> 다른 모든 <raritylegendary>전설급</raritylegendary> 아이템에 체력</li></maintext>
가고일 돌갑옷,3200,"<maintext><stats>방어력 <attention>60</attention><br/>마법 저항력 <attention>60</attention><br/>스킬 가속 <attention>15</attention></stats><br/><br/><active>사용 시 -</active> <active>불굴:</active> 크기가 커지며 피해를 흡수하는 보호막을 얻습니다. 보호막은 점차 사라집니다.<br/><li><passive>구축:</passive> 챔피언에게 피해를 받으면 중첩을 1회 얻어 <scalearmor>방어력</scalearmor>, <scalemr>마법 저항력</scalemr>이 증가합니다.<br/><br/><rules>챔피언당 하나씩 최대 5회까지 중첩됩니다.</rules></li></maintext>"
죽음의 무도,3300,<maintext><stats>공격력 <attention>65</attention><br/>방어력 <attention>50</attention></stats><br/><li><passive>고통 무시:</passive> 자신이 받은 피해를 일정 시간에 걸쳐서 입습니다.<li><passive>반항:</passive> 챔피언 처치 관여 시 <passive>고통 무시</passive>의 지속 피해 효과가 사라지고 일정 시간 동안 체력을 회복합니다.</li></li></maintext>
선혈포식자,3300,<maintext><stats>공격력 <attention>55</attention><br/>체력 <attention>300</attention><br/>스킬 가속 <attention>20</attention><br/>모든 피해 흡혈 <attention>8%</attention></stats><br/><br/><active>사용 시 -</active> <active>갈망의 가르기:</active> 주변 적에게 피해를 입힙니다. 챔피언을 맞힐 때마다 체력을 회복합니다.<br/><br/><raritymythic>신화급 기본 지속 효과:</raritymythic> 다른 모든 <raritylegendary>전설급</raritylegendary> 아이템에 체력 및 스킬 가속</maintext>
발걸음 분쇄기,3300,<maintext><stats>공격력 <attention>50</attention><br/>공격 속도 <attention>20%</attention><br/>체력 <attention>300</attention><br/>스킬 가속 <attention>20</attention></stats><br/><br/><active>사용 시 -</active> <active>제압의 가르기:</active> 주변 적에게 피해를 입히고 <status>둔화</status>시킵니다. 이동하며 사용할 수 있습니다.<br/><li><passive>비장한 걸음:</passive> 물리 피해를 입히면 이동 속도가 상승합니다.<br/><br/><raritymythic>신화급 기본 지속 효과:</raritymythic> 다른 모든 <raritylegendary>전설급</raritylegendary> 아이템에 이동 속도.</li></maintext>
신성한 파괴자,3300,<maintext><stats>공격력 <attention>40</attention><br/>체력 <attention>300</attention><br/>스킬 가속 <attention>20</attention></stats><li><passive>주문 검:</passive> 스킬을 사용하고 나면 다음 기본 공격 시 추가 피해(<onhit>적중 시</onhit> )를 입힙니다. 대상이 챔피언일 경우 체력을 회복합니다.<br/><br/><raritymythic>신화급 기본 지속 효과:</raritymythic> 다른 모든 <raritylegendary>전설급</raritylegendary> 아이템에 방어구 관통력 및 마법 관통력.<br/></li></maintext>
거대한 히드라,3300,"<maintext><stats>공격력 <attention>30</attention><br/>체력 <attention>500</attention></stats><br/><li><passive>파괴전차:</passive> <scalead>공격력을 추가 체력에 비례해</scalead> 추가로 얻습니다.<li><passive>쪼개기:</passive> 기본 공격 시 추가 피해(<onhit>적중 시</onhit> )를 입히고, 충격파를 발산해 대상 뒤의 적들에게 피해를 입힙니다.</li></li></maintext>"
몰락한 왕의 검,3300,<maintext><stats>공격력 <attention>40</attention><br/>공격 속도 <attention>25%</attention><br/>생명력 흡수 <attention>8%</attention></stats><br/><li><passive>안개의 검:</passive> 기본 공격 시 대상의 현재 체력에 비례한 물리 피해를 입힙니다. <li><passive>흡수:</passive> 챔피언에게 3회 기본 공격을 가하면 마법 피해를 입히고 이동 속도를 훔칩니다.<br/><br/>아이템 성능은 근접 챔피언과 원거리 챔피언에게 각각 다르게 적용됩니다.</li></li></maintext>
삼위일체,3333,"<maintext><stats>공격력 <attention>35</attention><br/>공격 속도 <attention>30%</attention><br/>체력 <attention>300</attention><br/>스킬 가속 <attention>20</attention></stats><br/><li><passive>삼중 공격:</passive> 기본 공격 시 이동 속도가 상승합니다. 대상이 챔피언일 경우 기본 공격력이 증가하며, 이 효과는 중첩됩니다.<li><passive>주문 검:</passive> 스킬을 사용하고 나면 다음 기본 공격 시 추가 피해를 입힙니다.<br/><br/><raritymythic>신화급 기본 지속 효과:</raritymythic> 다른 모든 <raritylegendary>전설급</raritylegendary> 아이템에 공격력, 스킬 가속 및 이동 속도.</li></li></maintext>"
쇼진의 창,3400,<maintext><stats>공격력 <attention>65</attention><br/>체력 <attention>300</attention><br/>스킬 가속 <attention>20</attention></stats><br/><li><passive>드래곤의 힘:</passive> 일반 스킬의 스킬 가속이 (8 (+추가 공격력 100마다 0.08) | 6 (+추가 공격력 100마다 0.06)) 증가합니다. 이동 불가 스킬의 경우 스킬 가속이 (4 (+추가 공격력 100마다 0.04) | 3 (+추가 공격력 100마다 0.03))로 감소합니다.<li><passive>긴급 사태:</passive> 잃은 체력에 비례해 이동 속도가 최대 (0.15 | 0.1) 증가합니다. (체력이 33% 이하일 때 최대)<br/><br/>아이템 성능은 근접 챔피언과 원거리 챔피언에게 각각 다르게 적용됩니다.</li></li></maintext>
무한의 대검,3400,<maintext><stats>공격력 <attention>70</attention><br/>치명타 확률 <attention>20%</attention></stats><br/><li><passive>완벽:</passive> 치명타 확률이 40% 이상일 경우 치명타 피해량이 35% 증가합니다.</li></maintext>
돌풍,3400,<maintext><stats>공격력 <attention>60</attention><br/>공격 속도 <attention>20%</attention><br/>치명타 확률 <attention>20%</attention></stats><br/><br/><active>사용 시 -</active> <active>폭우:</active> 지정 방향으로 돌진하며 착지 지점 주변 체력이 가장 낮은 적에게 발사체 3개를 날려 피해를 입힙니다. 체력이 낮을수록 피해량이 증가합니다.<br/><br/><raritymythic>신화급 기본 지속 효과:</raritymythic> 다른 모든 <raritylegendary>전설급</raritylegendary> 아이템에 이동 속도.</maintext>
크라켄 학살자,3400,<maintext><stats>공격력 <attention>65</attention><br/>공격 속도 <attention>25%</attention><br/>치명타 확률 <attention>20%</attention></stats><br/><li><passive>벼락:</passive> 세 번째 기본 공격을 가할 때마다 고정 피해를 추가로 입힙니다.<br/><br/><raritymythic>신화급 기본 지속 효과:</raritymythic> 다른 모든 <raritylegendary>전설급</raritylegendary> 아이템에 공격 속도.</li></maintext>
불멸의 철갑궁,3400,<maintext><stats>공격력 <attention>50</attention><br/>공격 속도 <attention>20%</attention><br/>치명타 확률 <attention>20%</attention><br/>생명력 흡수 <attention>7%</attention></stats><br/><li><passive>생명선:</passive> 피해를 받아 체력이 30% 아래가 될 경우 피해를 흡수하는 보호막을 얻습니다. 또한 공격력을 얻습니다.<br/><br/><raritymythic>신화급 기본 지속 효과:</raritymythic> 다른 모든 <raritylegendary>전설급</raritylegendary> 아이템에 공격력 및 체력.</li></maintext>
나보리 신속검,3400,<maintext><stats>공격력 <attention>60</attention><br/>치명타 확률 <attention>20%</attention><br/>스킬 가속 <attention>20</attention></stats><br/><li><passive>깨달음:</passive>  치명타 확률이 40% 이상일 경우 기본 공격을 하면 궁극기가 아닌 스킬의 재사용 대기시간이 감소합니다.<li><passive>비영구:</passive>  스킬이 치명타 확률에 비례해 증가한 피해를 입힙니다.</li></li></maintext>
굶주린 히드라,3400,"<maintext><stats>공격력 <attention>65</attention><br/>스킬 가속 <attention>25</attention><br/>생명력 흡수 <attention>10%</attention></stats><br/><li><passive>쪼개기:</passive> 기본 공격과 스킬 사용 시 주변 적들에게 물리 피해를 입힙니다.<br/><li><passive>육식:</passive> 미니언을 처치할 때마다 공격력을 획득하고 챔피언, 대형 몬스터, 공성 미니언 처치 시 2배 획득합니다. 사망 시 중첩의 60%만큼 잃습니다.<br/><br/></li></li></maintext>"
라바돈의 죽음모자,3600,<maintext><stats>주문력 <attention>120</attention></stats><br/><li><passive>신비한 작품:</passive> 총 <scaleap>주문력이 35%</scaleap> 증가합니다.</li></maintext>
